,id,tweets,labels
0,123,UPDATE: Vacaville Police K9 Punched in the Face by Officer: Isolated Incident or Collective Canine Crisis? https://t.co/KsP2a1uvip,2
1,134,"New York police department,made in Israel!! Watch as officers of the NYPD brutally attack Palestinian supporters during a peacful march. #ethniccleansing #Palestine #SaveSheikhJarrah #SaveSilwan #FreePalestine ðŸ‡µðŸ‡¸ #USA #nypd #Brutality #Israel #terrorism https://t.co/5ldIyunHvH",2
2,177,Bank holiday brawl between police and pub punters goes viral https://t.co/MLQQ9gx0k8,2
3,186,@PublicFreakout_ Thatâ€™s attempted murder. Three Police officers. ...smashing and kneeing the personâ€™s head. Police brutality. Fxxcking disgusting,3
4,189,"5 Bangladeshi nationals arrested in Bengaluru BY Bengaluru police for raping, assaulting woman. #WeWantNRC Gm39",2
5,202,"4 volunteers with Black Protest Legal Support were arrested by the Met during the #KillTheBill protests in the Spring.The arrests were challenged by Liberty,as being a breach of the legal right to independently monitor police conduct at protests.The Met has now dropped charges https://t.co/WBSFyl0g7C",2
6,217,"During the an anti-ICE protest in NYC, protesters waited on the sidewalk during a red light. After the light turned green and the crosswalk was lit up, a protester began to cross the street before the rest of the march. Police charged the protester, allegedly a minor, and tackled them to the ground, arresting them. Police then pushed other protesters away.",2
7,220,"A protester steps off the sidewalk and an officer approaches, shouting, ""Move."" The protester immediately steps back on the sidewalk. The officer then shoves the protester.",2
8,227,"City of Grand Rapids Police Department officers seen pushing, pulling, and shoving peaceful protesters, as they circle around an officer arresting a man. The arresting officer appears to force the man to his knees before the other officers finish encircling and view of the man is lost. Two different women, each in different videos, are shown falling or fallen over as a result of the shoving and pulling.",2
9,230,"A journalist is filming and asking the police why protesters are being arrested. The police tackle him and he states loudly, ""Iâ€™m with the press"" multiple times. The video ends with an officer confiscating his press badge and bag. Another officer off camera is heard saying to the journalist, ""Shh, youâ€™ve been no help here"". The news article video has more context, the reddit video only shows the arrest. The protest began on Route 13 near the Delaware State Capitol before moving to an area near a WAWA in Camden, Delaware, where police and protesters clashed.",2
10,247,"First-person footage from a journalist shows him shouting, ""Iâ€™m press, Iâ€™m press,"" while police pepper-spray him and others indiscriminately. He states that shortly after this footage, he bumped into an officer and was shoved to the ground. Reddit link shows scuffle was instigated after a protester beat a lacross stick against his own homemade shield like a drum and an officer went to stop him. This protest occurred near the J.E.B. Stuart statue on Monument Avenue.",2
11,253,"Kalimah returned to her residence to investigate the sound of an alarm. Officer Joyce VanDertuin had already responded. Kalimah opened the backdoor of the residence. The door struck Officer VanDertuinâ€™s .40-caliber Glock pistol, which she shot once. The bullet struck Kalimah fatally in the chest. McKinney Police Department raised funds for Kalimahâ€™s children because they lost their mother. The most up-to-date reporting available showed that Officer McKinney continued to work at MPD, in spite of the objections of Kalimahâ€™s husband Jeemil.",3
12,257,The Police try to break up the peaceful protest by resorting to hitting individuals with batons.,3
13,258,"Footage taken by an off-duty journalist (at the protest to film but not on a mandate from their employer) at 137 Fourth Avenue in Manhattan shows a fire on a sidewalk. Police clear the area around the fire, then begin indiscriminately striking the filmer and protesters with batons. Another individual struck by police can be seen holding a camera and is heard stating he is press.",3
14,277,Footage shows police charging across the street (N Lombard and N Denver) at a protester who begins jogging away. Police tackle the protester to arrest them and can be seen repeatedly punching the protester to subdue them.,2
15,279,"In what appears to be the early AM of June 6th, police walk protesters backwards across the park. Footage shows that straggling protesters are met with pushing, shoving and beatings with batons.",3
16,282,"Mildred and Gilbert Tuepker were held hostage at their home in Edmond by Douglas Eugene Gray and William Dale Davis who broke out of Mack Alford Correctional Center in Stringtown, where they were serving time for murder. They escaped by hiding in a mail cart that was loaded onto a pickup and hauled to the Stringtown post office. After a police standoff, Davis was found dead of an allegedly self-inflicted gunshot.",2
17,287,"Shortly after midnight on August 23rd, police disperse protesters on the sidewalk. Police can be seen shoving two individuals obeying police direction. Officers then confront members of the Wall of Moms (noted by yellow shirts) sitting on the grass and shove them. This protest occurred on residential streets near Normandale Park.",2
18,307,"According to the Colorado Highway Patrol, Archuleta fled the scene of a hit-and-run in northwest Westminster Colorado for unknown reasons. After speeding eastbound on US Hwy 36, she attempted to exit to northbound I-25, hit the guardrail, rolled her vehicle and died at the scene of the crash.",3
19,314,"Little is known of this death, According to Arrest-Related Deaths data, Robert J. Beck was pulled over by a trooper for a seat belt violation, and he stabbed himself to death.",3
20,316,"After attempting to arrest a protester near 15th and Glisan, an officer is seen walking through protesters. One protester steps in the officerâ€™s path; the officer shoves the protester to the ground.",2
21,325,"At a protest in Seattle, police on bicycles shoved protesters walking away from them. Protesters were complying with direction to ""move back."" Police charged and shoved protesters. Making multiple arrests. Police additionally fired impact munitions, believed to be pepper balls, into the crowd. Police also used mace to subdue the crowd. An independent journalist, Alissa Azar, was shot in the back of the neck. Prior to this incident, protesters allegedly damaged the windows of a Starbucks at East Olive Way.",2
22,330,"Footage is short, but it shows protesters chanting near police, asking why another protester is being arrested. A protester with a megaphone approaches an officer. He is shouting. Without warning police charge protesters. They slam one protester against a car, throw him on the ground and kneel on him to make an arrest. Pepper spray can be heard in the audio.",2
23,337,"While charging protesters near the Justic Center, police deploy pepper spray, then grab a protester around the waist and slam him to the ground in order to make an arrest.",2
24,340,"As a reporter tries to let the police pass by him, they pin him to the wall with a shield and an officer hits his knee with a baton.",3
25,343,"Justin Jones, a prominent activist in Nashville, states that protesters were arrested around 6:30 AM on June 29th and charged with ""camping on state property."" Protesters had no intention of camping. He also shows footage of extremely tight zip-ties, stating that an arrestee has suffered ongoing numbness in their hands since release.",2
26,345,"At a protest near Pike Place Market, Seattle police pushed protesters down the street, shouting ""Move back."" As protesters spread out, police snatched several for arrest. When protesters attempted to intervene, police shoved and pepper-sprayed them.",2
27,352,"Footage taken at West and Rector Streets in Manhattan shows a protester in the road with a bike. An officer attempts to take it, but the protester holds on. The officer then uses his baton to press against the protesterâ€™s neck before striking the protester in the legs. Other officers join to separate the protester from their bike.",3
28,359,"Local police observed a suspect hit his girlfriend in a Walgreens parking lot. Giving chase, the suspect lit out and started a two-minute, 100 MPH chase south on Reading Road that ended with a crash with Trappâ€™s car. Trapp was thrown from her vehicle and died at the scene. One of seven chase fatalities in the Cincinnati area within a four-month period.",2
29,369,"After a protester is pepper sprayed, other protesters gather around the protester while a medic treats them. The filmer is struck repeatedly by an officer with a baton and shoved to the ground, apparently injuring his knee.",2
30,388,"According to a news brief, officers arrested Powell around 9 a.m. in response to a report that he had been behaving erratically and breaking windows. Paramedics who responded learned that Powell had no pulse, then transported Powell to Doctorâ€™s Hospital - Parkway, where he was pronounced dead.",3
31,389,"A freelance journalist on assignment with the Washington Post to cover protests in Atlanta was detained by police and zip tied on May 31st. His detention was captured live by CBS46. He did not have a physical press pass and police did not allow him to display his digital pass. After examining his business cards, which state he is a journalist, police released him, returning his phone and pen. Images posted by news outlets around the 9 PM for which this journalist was arrested place the protest in the vicinity of Centennial Olympic Park in Downtown Atlanta.",2
32,395,"Footage shows police approaching an individual outside the Penumbra Kelly building and arresting them. No justification is apparent. The individual is believed to be a reporter for the Daily Mail. The journalist recovered his gear from the precinct several days later, to find much of it had been rendered unusable.",3
33,422,Footage from a pair of dueling protests in Beverly Hills shows police slashing at protesters with batons.,3
34,435,"Samuel Edwards was riding in a bike lane at about 11:30 p.m. when police said he cut in front of a sergeantâ€™s car and was hit. Police said the sergeant could not avoid hitting Edwards. A neighbor said she saw Edwards on the ground with his bike, an old 10-speed with a baby seat on the back. The police carâ€™s front bumper and hood were dented, she said. ""It looked like maybe he had hit a tree.""",2
35,442,"Detective Scott Carpenter said he fired his rifle three times into Gregoryâ€™s 1994 Nissan Altima when it appeared about to run down another officer. That officer, detective Mike Hanafin, said he ran in front of the Altima to get away from Carpenterâ€™s rifle, which was pointed in his direction. Carpenter shot immediately before or after the Altima broke free and drove over a median, according to officersâ€™ statements. The car slowed then suddenly accelerated, ""like a slingshot,"" through a Mobil gas station into the intersection where it collided with three vehicles. One of Carpenterâ€™s .223-caliber bullets hit Gregory in the head. Another hit the car. The third went over the Altima into a parked car.",3
36,461,"He was handcuffed behind his back and the police claimed he had a box cutter, so they felt that he was threatening their lives.",2
37,468,A woman is walking on the sidewalk with a peaceful protest near the China Institute. Officers walk beside her. She turns to see them and an officer strikes her in the face. Other officers then pull her from the protest and surround her to make an arrest.,3
38,489,"At a protest in NYC, protesters are seen standing on the sidewalk. Police charge without warning, grabbing several protesters. The protesters passively resist by falling to the ground. This devolves into a scuffle between protesters and police, much of which is obfuscated by additional officers forming a line around the incident. Police arrest and zip-tie two protesters, one of whom is a minor. In another video, the minor alleges they were punched by police.",2
39,497,Violent arrests made by MPD during an Election day protest at Black Lives Matter plaza.,2
40,501,Somalian journalist Fardowso Mohamud Sahal was assaulted by police officers while she was covering protest by mothers of sons sent to military training reports @pressfreedom: https://t.co/5DJhCpNPXj #IFEXgender @IWMF @sjs_Somalia @womeninmedia,2
41,622,"Springfield police charge protesters in the street near 68th and Glacier, striking protesters with batons and shoving them with both their hands and metal barricades. One protester is dragged by the foot out of the crowd for arrest. One officer attempts to handcuff the protester while another officer continues dragging the protester. The officers then roll the protester on his stomach; one officer strikes him in the neck as he does so. A filmer and a journalist allege a taser was used. The alleged use of the taser can be heard [here at 0:06](https://twitter.com/mgbelka/status/1288685746476310530)",3
42,639,"During the second day of protests at Echo park, police brandished riot control firearms at protesters at close range. One officer fired rubber bullets at protesters. In addition, a photographer for AP uploaded images of alleged wounds sustained at the protest.",3
43,669,And the arrested man probably has the cheek to now sue the police over the dog attacking him....,2
44,693,"Footage shows a woman tackled by multiple officers and thrown into bushes before an officer kneels on her to make an arrest. Another protester is arrested in the background. As reporter is backing away, police yell at him to go him. Another officer is heard saying, ""Fuck him,"" before arresting the reporter.",3
45,805,"Members of the Unified Command (Multnomah County Sheriffâ€™s Office, Portland Police Bureau and Oregon State Police) pushed protesters back (on the 600 block of SW Alder St). One officer strikes a protester repeatedly with their baton. That protester was later arrested.",3
46,846,"At an anti-ICE protest in the Portland Pearl District, several police officers on bicycles rode up to a clearly labeled photographer standing in the street at 12th Ave and Pettygrove st. The officers pushed the photographer before one officer punches him.",2
47,862,"Police arrived in a truck and both smashed and stole milk and water that protesters were freely distributing. When questioned about this, Mayor Fischer initially said that LMPD had found flammable liquids and chemicals among the materials. This was later walked back.",2
48,870,"To those coming to #Devon and #Cornwall this #halfterm - please respect us locals, we have the right to park outside our homes without being verbally and physically abused. @DC_Police, is spitting in someoneâ€™s direction while being verbally and physically aggressive an offence?",2
49,883,"First-person footage from a journalist shows a police officer shoving, threatening and harassing a journalist. Allegedly the officer began harassing the journalist, calling him a ""smartass,"" after the journalist displayed his press badge.",2
50,899,"Oliver had two outstanding warrants for writing bad checks. When he was pulled over for running a red light, he bolted on foot and into nearby residential backyards, jumping fences. The police narrative was that during a physical struggle Oliver tried to get ahold of the officerâ€™s gun, and he was fatally shot two or three times.",2
51,912,"A protesters carrying a flag is seen yelling at federal officers. One officer repeatedly shoves him into a fence, while others shoot pepper balls at him.",2
52,930,"During a standoff around a statue of Andrew Jackson, footage shows multiple officers attempt to arrest a protester. The man appears to be passively resisting (e.g. locking his arms). Police respond by beating him with batons and kneeling on him. At one point, the man states he cannot breathe. Police do not acknowledge this.",3
53,940,"After police charge the protester shield line near Peninsula Park, an officer stomps on a protester trapped under their shield.",3
54,954,"Protesters on foot and in vehicles blocked I-5 near exit 168 for a short time. Police arrested 9 marchers, including one individual dragged from his car. A passenger in the car asked an officer why the driver was arrested. The officer refused to answer at that time, telling the filmer to come back later.",2
55,971,"Police give conflicting orders to press attempting to film an arrest near the north precinct. Police repeatedly shove members of the press, throwing one to the ground.",2
56,983,"Footage shows an individual, believed by the filmer to be an observer watching protests, walking down a street near 12th and Pine in front of several officers on bicycles. The officers dismount and arrest the individual for unclear reason. Two officers pin the individual against a concrete wall. At 0:21 in the video, the officers pull the individual back and slam their head into the wall.",2
57,988,"A livestreamer uploaded first person footage from July 27th, taken near 3rd and Salmon. He is sitting on the ground some distance from protesters when less lethal shots are fired. One strikes the filmer in the hand. He states that his hand is okay.",3
58,993,"Metro police grapple with counter-protesters at a WalkAway rally. Several Black Lives Matter protesters are pushed, tackled and arrested. It is unclear how the altercation began.",2
59,1011,"ðŸ‡µðŸ‡¸#Palestine||14years old Palestinian child Mohammad Hajj Yahya from Al Tayybeh town in1948-occupied Palestinian territories,he was detained and brutally beaten by Israeli occupation police during the larg Israeli detention campaign against Palestiniansin the occupied territories https://t.co/dnJh9GuL4L",2
60,1126,Onaka was the driver of a car that was being pursued by police when it crashed and burned in Mililani. He was wanted by federal authorities for violating terms of his supervised release.,3
61,1016,"After finding a retired couple, Frederick Gobillot, 69, and Jeanne Gobillot, 67, dead in their split-level ranch, the police shot and killed their son, Steven Gobillot, during a fight with officers at the scene. Their bodies were found by Raritan Township police officers after a phone call reported a double homicide.",3
62,1017,"Police pulled over a car with four home-invasion suspects inside. Three of the four got out, but the third tried to drive off while simultaneously reaching for a gun. He was shot and killed.",2
63,1018,"Ofiara walked into Kleinâ€™s Pharmacy with an assault rifle, took hostages and demanded a bottle of the painkiller Vicodin. When his hostages were freed, Ofiara shot himself.",3
64,1020,"Footage taken at E 136th St and Brook Ave in the Bronx shows police pointing out and attempting to apprehend protest organizer Shannon Jones. She retreats onto the sidewalk and the crowd of protesters protects her. Police then charge into the crowd. A white-shirted officer isolates Shannon, chokes, grabs, and shoves her. When another protester intervenes, the officer punches him and shoves him away. Jones is then arrested.",2
65,1042,"In footage provided by a prominent Nashville activist, state troopers drag protesters down the steps of the Capitol building. Many troopers can be seen kneeling on protesters, both on the flat pavement and on the steps.",2
66,1049,"Police responded to an east side Sunoco gas station at about 5:30 a.m. after a clerk reported a man was insisting that he needed to ""hide"" behind the counter and wouldnâ€™t leave. Police said the first officer at the scene was unable to restrain the man, but two other officers arrived a couple of minutes later and they were able to forcibly remove him. According to police, the man became violent and began vomiting while officers tried to restrain him. He was pronounced dead at a hospital shortly before 6 a.m.",2
67,1086,"William Robizine collapsed after being arrested on the South Side. According to police, Robinzine appeared to be on drugs and was holding his bleeding hand as police investigated a quarrel in a liquor store at about midnight. Robinzine allegedly became combative and tried to drive off in an ambulance. Robinzine was pulled from the ambulance and restrained by officers, police said. Robinzine was taken to a hospital, where he was pronounced dead.",2
68,1093,A San Francisco police officer has several bystanders to thank after they stepped in and rescued her after a man attacked and pinned her down on a street in the cityâ€™s Chinatown. https://t.co/MJOJc0ruM4,2
69,1095,"Police officers tell a man standing in an intersection to get on the ground then shoot him (apparently with rubber bullets). He falls to the ground. He attempts to get up; an officer tackles him. At least 5 cops pin him down. Several of them punch him repeatedly even though he appears to not be resisting. At one point a bystander says ""yeah, punch him again -- Iâ€™m filming you!"" An officer punches the man again.",2
70,1112,"A Facebook Live video shows several officers struggling with a man on the ground, and one police officer stomping on the manâ€™s leg. https://t.co/uZiqqMhd28",2
71,1122,A legal observer is seen talking to police about events happening behind the police line. The officer shoves the legal observer. The observer then steps forward again and is thrown to the ground. This protest occurred on residential streets near Normandale Park.,2
72,1152,"During a protest on September 23rd, police tore down a small cluster of tents in Chapman Square, which were occupied by houseless people unrelated to the protest. The tents did not appear to be blocking the police, and the houseless individuals were not protesting.",2
73,1164,Fred Trump and KKK members arrested in brawl with police-Daddy &amp; Donny Boy were sued by federal government for refusing to rent to blacks in 1973 https://t.co/or8zAHyu4e,2
74,1180,"Members of the Unified Command (Multnomah County Sheriffâ€™s Office, Portland Police Bureau and Oregon State Police) charged protesters at Harvey Milk and 10th Streets, knocking several protesters to the ground, as well as a 75 year old photojournalist.",2
75,1192,"Footage taken around midnight the morning of July 2nd shows multiple officers arresting a protester, striking him with batons, punching him, and kneeling on his neck. The officer kneeling on the protesterâ€™s kneck has his badge covered. Protester was allegedly arrested for crossing a street at Broadway and Pine.",3
76,1195,"Dressed all in black, Reed panicked and bolted away on foot from a traffic stop. Reportedly, he darted between two parked cars and directly into the path of a deputyâ€™s vehicle, which struck and killed him. His family settled a wrongful death suit for $10,000.",3
77,1234,"Following evictions of squatting families from CalTrans-owned homes by California State Police on November 25th, protesters gathered at 2970 Lowell Ave to bar the way in an attempt to prevent these evictions. Officers swing batons at protesters and make violent arrests. Several protesters were knelt on during arrests; some were also hog-tied and carried away to vans",3
78,1282,Las Vegas police spotted a stolen car and followed it until both of the people inside stopped and ran away. Three officers pursued Keith Alan Engel until one of the officers tackled him. Engel and the officer scuffled and Engel grabbed the officerâ€™s handgun and tried to pull it out of her holster.,2
79,1285,"Protesters camped out front of city hall demanding the resignation of Rochester mayor, Lovely Warren, and the arrests of the officers involved in the Daniel Prude case. Police assembled around 8:30 AM on Wednesday to disperse protesters. Police first pushed protesters off City Hall property, into the street. Police then gave a dispersal order, telling protesters to leave the street and sidewalk. Two officers suddenly charged at protesters, shoving one to the ground. Police chased several other protesters then returned to their line.",2
80,1324,"Multiple police officers tackle a cyclist on a Black Lives Matter group ride. The man is repeatedly punched in the head by an officer and as the person filming shouts at him not to resist, he shouts ""Iâ€™m not!""",3
81,1336,"Footage shows police arresting a woman. A man who walked nearby with his hands up is thrown to the ground by two officers and arrested. Additional footage shows an officer grabbing the breast of the woman arrested. It should be noted that police use an ""open hand"" frisking technique to check along the breasts during an arrest. However the officer does not appear to be using an open hand and appears to be grabbing the woman, rather than frisking her. While having a male officer frisk a female protester without warning is a point of controversy, this incident appears to be outside police guidelines even discounting that fact.",2
82,1344,"In an incident at 17 Battery Place in Manhattan, police are forcibly arresting several protesters on a paved pedestrian area. A protester argues with an officer. The officer shoves her and grabs her by the hair. Another officer joins in; the two grab her by the arms, force her to the ground, and one officer kneels on the protester to arrest her.",2
83,1361,"Follow up : The attacker, whoâ€™s in police custody, walloped the 55-year-old woman in the head as she walked by him on Bayard St. near Mott St. at about 6:15 p.m. Several onlookers followed the suspect around the block, where police arrested him.",2
84,1372,"A woman is seen being restrained by a police officer who stands behind her with his arms around her torso. She struggles with the officer and breaks free, after which she is repeatedly beaten on the thighs with batons and shot with what appear to be pepper balls by officers shouting ""Get on the ground!"" while she is standing still. Another woman walks towards the officers with her hands out, seeming to plead for restraint but not directly interfering. An officer yells at her to ""Back up!"" and then violently shoves her to the ground. Two IMPD officers have since been indicted for battery and other use of force charges.",3
85,1383,"Alleged looters and the owner and employees at a liquor store stood off outside store. A crowd had assembled to help the employees. Seeing a police cruiser passing by, one black employee flagged down the officers to request help. The employee was arrested, along with her husband and others helping them, while the alleged looters ran off. The employee says she told police they had the wrong people and the criminals were getting away. She says the officer arresting her said, ""I donâ€™t care about them."" In addition, she says she was thrown against a wall when arrested.",2
86,1396,"A police officer shoots a projectile at a protester for yelling out profanities. The same officer is seen excited about the protests yelling ""letâ€™s get this motherfucker"".",3
87,1424,Another police officer caught sucker punching his civilian victim,3
88,1431,"After protesters had gathered around a squad car near Bedford and Tilden Avenues in Brooklyn, police are seen shoving protesters and striking them with batons - knocking one protester to the ground - in an effort to clear the area around the car.",3
89,1472,"Jerry Andrew Amaro III died April 21, 2000, from pneumonia caused by multiple rib fractures and a collapsed lung after he was beaten by police the month before.",3
90,1474,"Bernard Kolas Jr., 35, was found semiconscious by passers-by and a resident. Hours earlier, according to his brothers, a police officer had chased him into a wooded area in Grandview Park. The Kolases, who live in Mount Washington, believe he was beaten, citing hospital reports that say Kolasâ€™ injuries were consistent with an assault. Police said they believe Kolas fell down the steep slope while fleeing from the officer and then toppled off a garage roof to the ground. They said he was never in police custody that night.",3
91,1484,"Virginia police lieutenant charged with abduction, rape, stalking https://t.co/7IXmZnG5gX",3
92,1495,"A journalist working for The Asheville Blade was following protests in their car on August 9th. They state that police stopped them without warning, pulled them out of their car, zip-tied and arrested them. They state that because of the heat, their sweat made their hands slippery and their zip-ties fell off; an officer then replaced them with standard handcuffs, cuffing the journalistâ€™s arms tightly behind their back. They state that after being removed from the police wagon, they were patted down. A female cop stood by while a male cop patted them down. The journalist states the male copâ€™s ""hands aggressively slid over my vagina and my ass."" They were held in a cell for several hours, in and out of cuffs. Several police officers asked the journalist if they were going to behave now, and made other similar comments. Images taken after release show significant bruising on one of the journalistâ€™s arms.",2
93,1504,Clifford Poe died after a scuffle with officers who restrained him for questioning about a vandalism.,2
94,1509,"Footage shows a standoff between protesters and police. Police tape divides the two groups. Additional officers approach the line, then charge across at protesters without warning. One protester, Sean, is seen thrown to the ground and arrested with his hands held behind his back. Sean labels himself a ""protest observer;"" while not officially press, he focuses on filming protests, rather than participating. He can be heard screaming in pain during the arrest. He allegedly waited 20 minutes in handcuffs for EMS to arrive.",2
95,1516,"Christopher Hicks lost consciousness as one officer held him in a chokehold while two others handcuffed him. Police said they saw Hicks moving between cars inside a northbound Red Line train at around 10:20 p.m. Hicks fled the train as officers approached him. The officers chased Hicks, who allegedly became combative when they tried to arrest him. According to an autopsy, Hicks died of asphyxia due to restraint in a homicide.",2
96,1517,"In the video, protesters can be seen kneeling. Police swing batons at several protesters and a journalist pressed against the side of a building.",3
97,1519,"Local officers stopped the Jeep Harris was driving on suspicion of it being stolen. Harrisâ€™ story didnâ€™t make sense, and he attempted to escape, setting into motion a messy struggle with neighbors helping officers physically wrangle the obese suspect, and one cop macing himself. Ultimately six officers beat the unarmed and sober Harris to death. The city entered into extended legal action to avoid paying a $100K wrongful death settlement.",3
98,1524,"A protest marshal was singled out and arrested near Forbes and Oakland. Plainclothes officers emerged from an unmarked van, grabbed him off the sidewalk, and drove away. He was charged with ""Obstructing Highways and Other Public Passages.""",2
99,1534,Desecration horrifies community; Police found hundreds of child abuse images; police had to draw batons at covid breach party; United awards handed out; Focus on Carniny and Groggan primary schools; Walk for Lisa and lots more https://t.co/aWx9qzbKeo,3
100,1569,"Footage was taken at the intersection of N 70th Street and W North Avenue in Wauwatosa, Wisconsin. Officers in a passing car yell at an individual on the sidewalk to go inside. The officer clarifies that the filmer is exempt, as ""ACLU is fine."" The officer then proceeds to arrest the individual on the sidewalk, flipping the individual over his knee, and kneeling on his back. Several officers come to aid in making the arrest. Officers continue to tell the individual to stop resisting, though the individual is pinned to the ground. It is unclear if the individual was related to a protest, but they appear to be wearing a bathrobe, which might suggest they are not prepared for a protest.",2
101,1722,Police shield line forces protesters back near Delancey and Ludlow. Protesters trapped between police and barricades are squeezed and shoved over the barricades.,3
102,1680,"These mass demonstrations were met with violent police and military response. Human rights organisations have recorded more than 2,000 cases of violence against protesters, including 1,000 arbitrary arrests, with more than 40 deaths and dozens of disappearances and...",2
103,1694,"Michael Chambers died after off-duty Cook County correctional officer Timothy Brogan and two other men choked and beat him during a brawl at the Holiday Inn that broke out after two weddings. Chambers, brother of Cook County Comptroller John Chambers, was at a reception for a stateâ€™s attorneyâ€™s office employee, while Brogran was with the other party for a CCSO special operations officer. Witnesses said that the officerâ€™s guests made lewd remarks to the women from the other party and challenged the men to fight when both groups went to the hotel bar just before midnight. Chambers went to intervene after learning that his fiance and the brideâ€™s mother were being shoved around, but he was pummeled to the floor and repeatedly kicked in the head, witnesses said. Chambers was pronounced dead at a hospital. Brogan, 25, was charged with official misconduct and obstruction of justice. Ronald Schickel Jr., 29, was charged with first-degree murder and felony mob action. Brian Tomkins, 29, was charged with aggravated battery and felony mob action. Both Schickel and Tomkins were brothers of correctional officers.",3
104,1739,"In an incident at Fourth and Atlantic Avenues in Brooklyn, footage shows police chasing a protester down the sidewalk. Police appear to trip the protester, who falls to the ground. Police then strike and jab him with batons. A white-shirted officer arrives and steps on the protesterâ€™s neck",3
105,1817,A police officer and a protester are walking down the sidewalk and begin to verbally argue. The officer grabs the protester and a group of people appear. The protester starts to walk away when another officer pushes him into a brick wall. The incident appears to have occurred on either the North or West edge of Graceland cemetary.,2
106,1864,"A videographer on the sidewalk near SE 9th and Morrison is shoved repeatedly by police, knocking their helmet off. The videographer is then shoved to the ground and the phone is swatted out of their hand. The videographer states they were prevented by police from retrieving their phone, which had fallen into the street. They state another individual later retrieved their phone.",2
107,1876,Daniel James Bryan collapsed after he refused to be fingerprinted at the BPDâ€™s booking facility and struggled with police.,2
108,1891,"Police strike a protester with batons, before tackling him and arresting him. They shove other protesters with batons. Shortly after, police pin a man to the ground and kneel on him to make an arrest. A journalist identifies herself at the scene (link 3) and is credited with a first-person video (link 2) of the incident where she is shoved by police as she displays her press badge and films. Additional footage (link 4) from a journalist involved in the incident shows evidence of police shoving protesters and journalists throughout the night.",3
109,1896,"Footage from a protest that ended at Broadway and Dey St in Lower Manhattan shows police officers swarming a protester, tackling them to the ground, and arresting them. The arrest was performed by a combination of plainclothes, white-shirted (denoting high rank), and bike officers. Additional video taken from a compilation (0:51-2:04) shows officers using their bikes to push back counter-protesters at a Trump rally. As the officers are shoving protesters, additional officers circle behind protesters and place their bikes in the protestersâ€™ paths, tripping them up. Officers then proceed to make arrests.",2
110,1936,A protester is seen walk side-by-side with an officer. The officer steps in front of him and stops such that the protester lightly grazes the officer. Numerous police officers then throw the man to the ground and kneel on his neck to make the arrest. News outlets state this occurred near Hempstead and Merrick.,2
111,1949,"At a protest on July 29th, a protester was tackled by police. Police claim the man resisted arrest and attempted to disarm an officer. The protester denies these allegations, saying he was rattling a chain link fence and no more. After tackling the protester, officers punched him and struck him with a baton. One officer can be seen jabbing the protester in the rear end with a baton. The protester states he was sexually assault, with the officer shoving the baton into his rectum. That night, he was given a rape kit and examined for signs of sexual assault. Records from a specialist two weeks later diagnosed the protester with rectal and anal hemorrhage, as well as hemorrhoids. The protester will go to court on September 28th to fight the charge of disarming a police officer.",2
112,1962,"An officer is seen beating an individual in a black jacket who was filming the officers. After being beat by a baton, the individual in the black jacket falls, and the officer continues to beat them. The eye-witness runs over to shield and protect the individual from the officer, and was beaten by the officer from behind while helping the fallen individual escape. At the end of the video, they are hit by a less-than-lethal projectile.",3
113,1978,Footage taken at Union Square and East 17th street shows multiple officers grabbing and shoving a protester to make an arrest. Another protester confronts an officer who strikes the protester in the legs with a baton. The baton snaps in two.,3
114,1982,"At a protest near 52nd and Spruce in West Philadelphia, police are seen slashing at protesters with their batons. It should be noted that most departmental rules of force specify that batons should only be used to shove, except in life-threatening situations. Location is approximate.",3
115,2078,"Footage shows police approaching a crowd of protesters, singling out livestreamer Hiram Gilberto and arresting him. When the crowd objects, other officers shove the protesters. Additional footage shows Gilberto tackled to the ground, zip-tied and punched.",2
116,2112,"Footage shows police standing off against a small group of press on the sidewalk. Officers grab one individual, alleged to be press though not clearly marked, and force them to the ground for arrest. The individual passively resists by going limp. One officer kneels on the individual while making the arrest. The event is believed to have occurred on Moody Street near the ICE facility.",2
117,2161,"Protesters and police stand off in the streets near Peninsula Park. Protesters have formed a line of wooden shields. Police charge at the line, striking protesters with batons. A drummer is tackled to the ground and beaten with batons.",2
118,2186,Officer Michael Olsen and eight other officers fatally beat Scott. Officer Olsen was fired from APD after shooting Kevin Brown fatally in the back. He was also involved in the nonfatal beating of Jeffrey Thornton in 2003.,3
119,2209,"Footage shows violent arrests of 2 protesters. Multiple officers grab the individuals, shoving and pulling them. The officers also shove numerous protesters out of the way. One of the arrestees was a minor and charges were not filed against them. Police later dropped charges against the adult protester. Police claimed the individuals were blocking the street, but presented no supporting footage and the lack of charges casts doubt on the claim. A tweet from the police states the juvenile protester was arrested for assault of an officer, while the adult was arrested for resist, delay and obstruct.",2
120,2229,"Villanuevaâ€™s garment factory co-workers called police for help with his epileptic seizure. They arrived and found him uncooperative and combative. Wrestled to the ground and handcuffed by four officers, witnesses described police shouting for him to speak English, and taking his foaming at the mouth as a sign of drug use. He died of ""mechanical asphyxia following physical restraint"". The four were charged with manslaughter.",2
121,2240,"According to police, officers responded at about 8 p.m. to a report that a man was breaking up an apartment. ""He was covered with blood when the officers arrived,"" said sheriffâ€™s Capt. Mike McCabe. Officers alleged that Custer confronted them, then went into apparent cardiac arrest as they tried to restrain him. Custer died at a hospital at about 9 p.m. Custerâ€™s family said the cause of his death was positional asphyxiation.",2
122,2395,Footage taken near 2nd and MAdison shows a police officer grabbing a protester by the collar and hurling him to the ground.,2
123,2420,"Footage shows a protester seated on the edge of the road at High and Broad Streets. An officer drags the protester into the street and forces her to lay down to arrest. As other protesters express frustration, another officer runs over, lifts a protester off the ground and slams her on her back. Police kneel on both protesters to make arrests. The second clip is a lengthy (53 minute) account from the original filmer.",2
124,2457,"Shortly after midnight on August 23rd, police disperse protesters on the sidewalk. Police can be seen shoving two individuals obeying police direction. Officers then confront members of the Wall of Moms (noted by yellow shirts) sitting on the grass and shove them. This protest occurred on residential streets near Normandale Park.",2
125,2465,"Hundreds of people have been camping out near NYC City Hall for the last week in anticipation of a budget vote. NYPD were sent on June 30th, the day of the vote, to disperse protesters. Footage shows violent arrests. In particular, police manhandle already zip-tied protester. The protester stumbles, apparently struggling to remain conscious. Protesters shout at police to seek medical treatment for him. Another protester comes to intervene. He is summarily punched, choked, shoved and struck with a baton by multiple officers. The second clip shows arrest warning if protesters step on streets. The third clip shows police shoving protesters on the sidewalk with their batons. In addition, multiple clips show officers without badges or with black electrical tape covering their badge numbers.",3
126,2522,"Footage shows a protester on a bicycle who was blocking the street. As he is moving out of the way, police continue to push him on the side, hindering his balance. One officer slaps his phone out of his hand.",2
127,2532,A man following dispersal orders turns and speaks to police at 2nd and Madison. Police throw him to the ground and strike him repeatedly.,3
128,2689,"Around 4 AM, just hours after a U.S. District Judge blocked federal officers from harming press, a clearly marked member of the press stands at a gap between pieces of District Courthouse fencing. She appears to be filming officers. Several shots are fired and the impact can be seen as they ricochet off her arm. The filmer alleges that at least one projectile struck her in the face.",3
129,2711,"During a standoff around a statue of Andrew Jackson, footage shows multiple officers attempt to arrest a protester. The man appears to be passively resisting (e.g. locking his arms). Police respond by beating him with batons and kneeling on him. At one point, the man states he cannot breathe. Police do not acknowledge this.",3
130,2823,"Footage taken at West and Rector Streets in Manhattan shows a protester in the road with a bike. An officer attempts to take it, but the protester holds on. The officer then uses his baton to press against the protesterâ€™s neck before striking the protester in the legs. Other officers join to separate the protester from their bike.",3
131,2839,Police arrest a protester near the North Precinct; press gather around to document. An officer shoves members of the press away. The journalists had allegedly been told minutes prior by another officer that their distance to the arrest was allowed.,2
132,2905,Law enforcement push and shove a crowd of peaceful protesters with riot shields. Footage shows police have hidden badge numbers and are not wearing body cams.,2
133,2943,"Police charge at a line of protesters with shields near SW Jefferson and SW 4th. Police use batons to strike protesters repeatedly, then make several arrests.",3
134,2961,"In this video, officers wrestle with two protesters on the sidewalk near 4th and Spring. One officer punches the protester he has pinned at 0:15.",2
135,3018,"Footage shows police chasing protesters near 4th and Taylor while a dispersal order is being given. At various points during the footage, police can be seen striking, punching and shoving protesters.",2
136,3028,"Two protesters are obeying federal officersâ€™ directions by moving down the street. They are not moving quickly. The filmer states, ""I canâ€™t run, Iâ€™m injured."" The two are beaten by multiple officers with batons.",3
137,3042,Abdullah Fakhry died nine days after a physical confrontation with police in his apartment.,2
138,3062,"City of Grand Rapids Police Department officers seen pushing, pulling, and shoving peaceful protesters, as they circle around an officer arresting a man. The arresting officer appears to force the man to his knees before the other officers finish encircling and view of the man is lost. Two different women, each in different videos, are shown falling or fallen over as a result of the shoving and pulling.",2
139,3074,"A reporter attempts to film arrests being made in the lot of the Chevron gas station at N Denver and N Lombard. As they approach, an officer confronts them, shoving the reporter back.",2
140,3079,Footage taken at a protest at Classon and Putnam Avenues in Brooklyn shows an officer approaching a protester and shoving her to the ground without warning.,2
141,3080,"Chesapeake Police officer arrested for rape, other charges https://t.co/pOYZ0tBRE5",2
142,3115,"Wayne Earl Ellis, a disabled Vietnam veteran, was pulled out of his pickup truck and beaten to death by officer Kenneth Pollard and Sgt. Kevin Jung.",3
143,3116,"Footage taken at E 136th St and Brook Ave in the Bronx shows protesters confronting police on bikes. A protester steps forward near police and appears to say something. An officer shoves the protester and yells: ""Back up.""",2
144,3125,"Officer pins protester with his knee on his neck near 6th and Pine. His partner intervenes and moves his knee onto the individualâ€™s back. Possibly related to OPD Case 2020OPA-0324 - ""Placing the knee on the neck area of two people who had been arrested."" This individual may have been a looter; however, the violent arrest appears to be unwarranted.",2
145,3126,Protesters are seen arguing with police in the street. One protester approaches police then runs away as police converge. Another protester stands in the way and is shoved to the ground.,2
146,3128,"Officers Melvin Williams and Matthew Dean Moore were traveling through Treme. For reasons that are unclear, the officers converged on Robair. Robair was preparing to repair the vent on a neighborâ€™s roof. Witnesses said Williams administered a fatal kick, amid a flurry of baton strikes. Within minutes, the officers dumped Robair at Charity Hospital, telling staffers they found him on the ground under a bridge and believed he had overdosed on drugs.",3
147,3144,"A police officer has his knee on a womanâ€™s neck, who already had 3 police officers on her. A different officer had to pull him away.",2
148,3148,"Dieugrand Dorcely, 45, was killed when a police car swerved into his 1994 Dodge Spirit, causing it to flip over. But Douglas Armstrong of Irvington, the driver of a second car struck by the police vehicle, said he saw no car being directly pursued when the police cruiser swerved out of control and struck Dorcelyâ€™s vehicle before hitting his car.",3
149,3172,"Footage shows police chasing protesters near 4th and Taylor while a dispersal order is being given. At various points during the footage, police can be seen striking, punching and shoving protesters.",3
150,3195,"Footage shows a standoff between protesters and police. Police tape divides the two groups. Additional officers approach the line, then charge across at protesters without warning. One protester, Sean, is seen thrown to the ground and arrested with his hands held behind his back. Sean labels himself a ""protest observer;"" while not officially press, he focuses on filming protests, rather than participating. He can be heard screaming in pain during the arrest. He allegedly waited 20 minutes in handcuffs for EMS to arrive.",2
151,3199,Dont say police there are no more police now we have pigs who only want to kill not serve or protect but kill A broken jaw left one man with a different perspective on police after last yearâ€™s protests in Sp... https://t.co/Exj1Grs1Vd via @Yahoo,3
152,3203,"Members of the Unified Command (Multnomah County Sheriffâ€™s Office, Portland Police Bureau and Oregon State Police) made several violent arrests at SW Park and Washington, with one officer knocking a protester to the ground as they attempted to stand.",2
153,3219,"Police are seen on Greene Street in SoHo, beating a man trying to escape, hitting him multiple times with batons, instead of trying to detain him.",3
154,3228,"On June 5th, protesters gathered outside the North Precinct on Killingsworth Street. As police cleared debris from the road, an individual was seen filming them from the sidewalk. An officer approached the individual while shouting and knocked the camera out of their hands, causing minor damage.",2
155,3245,Footage from around 1:30 AM outside the US District Courthouse shows a federal officer shoving an individual to the ground. The individual was standing still and holding a large camera.,2
156,3248,"Footage shows a protester shot in the eye with a less-lethal round. Additional images show the aftermath with small pellets embedded in the protesterâ€™s eye. Another image from the protester shows what appears to be a bean bag round. A news report states the man has lost his eye and that he was shot with a ""cloth bag full of pellets.""",3
157,3251,"Footage shows a small group of mounted officers riding into a group of protesters gathered in the street. The officers use their horses to shove protesters aside. No protesters were trampled underhoof, but the justification for escalation is unclear.",2
158,3292,Police approach protesters standing in the street near 11th and Pine. A scuffle begins and protesters are shoved. One is thrown to the ground and arrested. One officer appears to injure himself shoving protesters. Officers appeared to be a combination of SPD and private security.,2
159,3300,"Det. Darrell Shelton, 31, a seven-year veteran of the Wildwood Police Department, was charged with drunken driving, leaving the scene of an accident, and with having an open container of alcohol in his Dodge pickup. At about 2 a.m. Saturday, Sheltonâ€™s vehicle struck Pablo Barrios-Salas as he crossed New Jersey Avenue.",3
160,3308,"Driver Monica Clark-Heit and her grandmother, Janice Moutray, died after officer Byron Ratliffâ€™s patrol car hit their vehicle. Ratliff was chasing Walter L. Oâ€™Neal, 49, who was suspected in a motel robbery.",3
161,6088,Police arrest protestors,2
162,3322,"Richmond police officers were clearing Monroe Park. A journalist was attempting to leave when he was detained and handcuffed by police, even though he had a press pass and repeatedly stated he was with the press. He states he was later released on the condition he did not return to the park that night.",2
163,3325,Footage shows a protester with a bicycle standing behind a police van. An officer walks over and shoves him to the ground with his baton.,3
164,3338,"After declaring an unlawful assembly near Ventura Park, police charge protesters to disperse them. One journalist was caught in the charge and thrown to the ground.",2
165,3362,"A man is seen running across a street, chased by several officers. An officer on a motorcycle strikes him and he is arrested. Officers allege he was seen attempting to break into a bank after curfew.",2
166,3410,"An independent journalist was filming federal officers from the sidewalk at 3rd and Salmon. Officers in the Justice Center were targeting him with a laser pointer. After a firework exploded near the journalists, officers singled one out and arrested him without explanation. As he is being arrested, the filmer in the first video notes that Border Patrol agents and U.S. Marshals are conducting the arrest.",2
167,3421,"During another charge near Ventura Park after declaring unlawful assembly, an officer tackles a protester to the ground. The protester is slammed face first into the pavement.",2
168,3479,"A drummer walks toward police near Killingsworth and Albina. An officer shoves the drummer. The drummer then turns around, walking the direction police stated. The officer shoves them again.",2
169,3487,"Police arrested protesters en masse in downtown Los Angeles. Protesters hands were zip tied excessively tightly behind their backs and they were loaded onto buses and driven around the city. Some were taken to a temporary field jail at UCLAâ€™s Jackie Robinson stadium; UCLA claims it ""failed to stop"" LAPD from using the stadium as a ""staging area,"" but was not told about the field jail until after the fact. Arestees were detained for long periods, still in excessively tight zip ties. Social distancing procedures were not observed. Many protesters allege that conditions in the makeshift jails were poor -- detainees denied medical attention and permission to use the restroom, for instance -- and that they were released, many with dead phones, in unfamiliar places in the middle of the night with no way to get home. Two arrestees allege that police prevented them from leaving before the curfew went into effect, then arrested them for violating the curfew. One arrestee alleges that she was twice threatened with guns, that she was sexually assaulted by police, and that police mocked detainees having panic attacks. Police also allegedly arrested at least one homeless person (to whom the curfew was not supposed to apply) for a curfew violation. A lawsuit has been filed in connection with these and other abuses by the National Lawyersâ€™ Guild; a separate lawsuit has been filed by one of the arrestees. (See also incidents ca-losangeles-32 (near-identical behavior the following day) and ca-santamonica-2 (similar behavior in Santa Monica).)",2
170,3500,Police arrest a protester near the North Precinct; press gather around to document. An officer shoves members of the press away. The journalists had allegedly been told minutes prior by another officer that their distance to the arrest was allowed.,2
171,3518,"Footage uploaded shortly before midnight on July 16th shows police and protesters standing off outside the Penumbra Kelly Building. Without warning, police charge at protesters, striking, shoving and arresting them.",2
172,3537,"An individual in a stopped car gets out and yells at police, ostensibly about the road closure by police vehicles. Police approach and a scuffle starts. It is difficult to see how it begins. The bystander is then thrown to the ground and arrested. Another bystander is pulled from the car and beaten.",2
173,3555,"After protesters broke a few police vehicle windows near the North Precinct, police gave a dispersal order and fired smoke and stun grenades. Police then dispersed protesters violently, striking several with batons and punching others. One protester is punched repeatedly by an officer while being arrested before a second officer tells the first to stop.",2
174,6092,Police pushed me to the ground,2
175,3626,"Police approach a vehicle near Atlantic Avenue and Smith Street in Brooklyn. The driver begins to drive away, but police surround the vehicle, striking it with batons. Officers then break several of the vehicleâ€™s windows. The driver then speeds away unimpeded. A local news report states the vehicle had Taxi and Limousine Commission plates.",3
176,6117,Civilians beaten by officers,3
177,3642,Police fire into crowd outside of White House. Protester is hit and falls to the ground. The same protester is then hit again after standing. Projectile used is unknown.,3
178,3661,"Footage shows police approaching a small march at 23rd and Classon. They arrest one woman holding a banner without incident. An officer then begins to walk away with one end of the banner. Protesters try to pull it back, and a scuffle follows where police attempt to arrest one protester and a second appears to approach to stop it. The second protester and the officer exchange pushes, then another officer charges the protester from behind and shoves him. Police then shove several more protesters and kneel on one to make an arrest.",2
179,3714,"A police officer has his knee on a womanâ€™s neck, who already had 3 police officers on her. A different officer had to pull him away.",2
180,3720,Footage from a Union Square protest shows an officer using his baton to shove a protester.,2
181,3724,"A protester wearing a helmet is seen lying on the ground while SPD officers on bikes approach protesters. One officer rides their bike over the protesterâ€™s head. The rear wheel of the bike appears to catch on the protesterâ€™s head and yanks the protester. The officer has since been placed on administrative leave and is facing a criminal probe at the request of the Office of Police Accountability. The incident is believed to have occurred in the Capitol Hill neighborhood, potentially near 11th and Pine as did other incidents on September 23rd.",3
182,3727,"Footage shows 2 agents in fatigues, either DHS or U.S. Marshals, kneeling on a protester to make an arrest near 4th and Main. A journalist attempting to film is harassed and told to move faster by a third agent.",2
183,3732,"Members of the Unified Command (Multnomah County Sheriffâ€™s Office, Portland Police Bureau and Oregon State Police) charged protesters at Harvey Milk and 10th Streets, knocking several protesters to the ground, as well as a 75 year old photojournalist.",2
184,3769,"Footage taken at E 136th St and Brook Ave in the Bronx shows protesters confronting police on bikes. A protester steps forward near police and appears to say something. An officer shoves the protester and yells: ""Back up.""",2
185,3770,Police approach protesters standing in the street near 11th and Pine. A scuffle begins and protesters are shoved. One is thrown to the ground and arrested. One officer appears to injure himself shoving protesters. Officers appeared to be a combination of SPD and private security.,2
186,3781,"Police arrested two AL.com journalists covering a protest at 7:35 on June 3. There was a 7PM curfew in effect, which exempted journalists who were carrying a letter from their media outlet; both arrested journalists were carrying such a letter and had press lanyards. Both journalists were released shortly thereafter; while in custody, they were photographed. Birmingham police later said that the arrest was made for the journalistsâ€™ safety. Two employees of Alabama Media Group were restrained using zip ties.",2
187,3860,"A man was pulled from a car and beaten by multiple police officers. In pictures Christian provided to WFPL News, the skin on his legs was broken and bruised in long marks where he said the baton landed. His right forearm was still swollen and red when he met with a reporter six days later. The story also focuses on their mistreatment in prison. A WFPL article states this occurred on Broadway near the I-65 overpass.",3
188,3883,"Rayne Valentine, a hospital employee in Brooklyn, states he was walking home on the night of the 31st after an overtime shift assisting with COVID-19 care. Valentine states he saw police chasing a teen and began recording. After a short interaction, police began beating Valentine. He states that police then threw his phone to him and left. Valentine then walked back to the hospital, where he received 2 CT scans and 7 staples.",2
189,3918,"Footage shows riot police suddenly charge into a crowd, potentially chasing a fleeing suspect. However, they shove their way through the crowd, striking peaceful protesters. They can be seen throwing multiple individuals to the ground and kicking one.",2
190,3938,"Footage shows a police line advancing down Main towards protesters. A protester is walking backwards with his hands up, speaking to police. An officer shoves him, then a second maces him.",2
191,3984,"During a standoff around a statue of Andrew Jackson, footage shows multiple officers attempt to arrest a protester. The man appears to be passively resisting (e.g. locking his arms). Police respond by beating him with batons and kneeling on him. At one point, the man states he cannot breathe. Police do not acknowledge this.",3
192,3997,A police officer shoves aside another officer restraining a suspect so he can put his knee on the suspectâ€™s neck.,2
193,4018,"Edward Stockamp and Jermeen ""June"" Stockamp were killed after Edward Stockamp reportedly failed to stop at an intersection and their care was hit by a police cruiser driven by officer Tim Gruhlke. The impact sent the Stockampsâ€™ car across the median and northbound lane of the highway, before it struck an embankment. Edward Stockamp died at the scene. June Stockamp died later at a hospital. Gruhlke, 24, was treated and released.",3
194,4099,"A police cruiser begins to drive into a line of protesters. Protesters continue to move. The vehicle accelerates repeatedly, knocking several people over. At the end of the footage, the vehicle accelerates, knocking a protester onto the hood, and drives away.",3
195,4108,A suburban Boston police officer who became a national hero in 2013 when he tackled one of the Boston Marathon bombers retired from the only job he says he ever wanted. https://t.co/QW7Ud4EXm8,2
196,4114,"After arresting a protester, officers in a patrol vehicle drove up to protesters standing in the road at Grand and 6th. Some protesters stood in front of the car. Although there was ample room for the driver to reverse, the driver chose to accelerate rapidly into the protesters, striking one.",3
197,4147,"Officers push protesters down the street. One protester turns to face officers. An officer squeezes one of her breasts, then the other, to push her away. Another individual, allegedly her boyfriend, tries to intervene and is shoved into the bushes then arrested. The woman is shoved down the street.",2
198,4148,"A man is seen running across a street, chased by several officers. An officer on a motorcycle strikes him and he is arrested. Officers allege he was seen attempting to break into a bank after curfew.",3
199,4183,Police chase protester and attack him on the ground while on live TV.,2
200,4201,"Police raid gay wedding in Uganda, arrest 44 https://t.co/jmjaRNY1Rg Police in Nansana ... https://t.co/jmjaRNY1Rg",2
201,4221,"In an article from the Columbus Dispatch, a veteran, Ryan McMullen, recounts injuries he sustained at police hands from the beginning of protests up to Friday, June 5th. He states that he was maced, hit by a police officer on a bicycle, struck by ricocheting tear gas canisters, and shot 6 times with wooden pellets. In the interview, he stated: ""This is worse than anything I received in an actual war zone,â€ citing special forces and contractor work in Afghanistan and East Africa.",3
202,4266,"Near 3rd and Salmon, a protester is held face-down on the ground by an officer. The protester is punched and struck by another officer with a baton. The protester is then arrested.",2
203,4267,"Reporter Josie Huang was covering the shooting of 2 LASD officers and a small ensuing protest in LA when she was arrested for ""obstruction of justice;"" Huang states she was simply documenting an arrest. In addition, officers claim she was not properly identified, but footage shows a LASD-issued press pass around her neck. Huang was released early on September 13th. Footage Huang uploaded following her release shows officers shoving her and knocking her phone to the ground. Officers then step on and kick the phone while Huang can be heard stating that officers are hurting her.",2
204,4282,"Footage taken at E 136th St and Brook Ave in the Bronx shows police pointing out and attempting to apprehend protest organizer Shannon Jones. She retreats onto the sidewalk and the crowd of protesters protects her. Police then charge into the crowd. A white-shirted officer isolates Shannon, chokes, grabs, and shoves her. When another protester intervenes, the officer punches him and shoves him away. Jones is then arrested.",2
205,4286,"Protesters were seen yelling at police from the sidewalk near an outside dining area on Hudson Street and West 10th. Without warning, police charged, pushing, shoving, and arresting numerous protesters. Police disrupted diners, forcing them to move from their tables as bike police formed a line cutting through the outdoor dining area.",2
206,4314,"Footage from late on June 27th, police charge a protester walking away from them. She is grabbed by multiple officers, both on bike and on foot. The police then arrest her. She drops several water bottles out of her hands. Protesters state she was passing out water bottles to thirsty protesors.",2
207,4321,"Footage uploaded shortly before midnight on July 16th shows police and protesters standing off outside the Penumbra Kelly Building. Without warning, police charge at protesters, striking, shoving and arresting them.",2
208,4416,Police shove a protester into the crowd near 3rd and Taylor. The protester falls over. Police then strike the protester repeatedly and arrest them.,2
209,4420,"Metro police grapple with counter-protesters at a WalkAway rally. Several Black Lives Matter protesters are pushed, tackled and arrested. It is unclear how the altercation began.",2
210,4425,"Police charge protesters without warning, shoving several to the ground. One officer grabs a protesterâ€™s belongings, throwing and kicking them away. This occurred at a protest outside Mayor Ted Wheelerâ€™s condo on NW Glisan and NW 10th.",2
211,4431,"A group of cops start to approach a group of press taking photos and video. One press member repeats ""we have our hands up and we have press passes"". An officer walking by points in the direction of a photographer and says something indiscernable. The camera pans to show a cop hitting the photographer in the neck and head with a wooden baton.",2
212,4481,"Police line is seen using shields to push back a small group of protesters. The filmer, a reporter, moves around to the other side of the protesters. At this point, the footage captures another group of police officers charging the protesters from behind without warning. The footage becomes blurry as it appears that police strike the reporter, who repeatedly states, ""I am press,"" and is standing alongside several camera crews. The reporter states that they were beaten by police, their glasses were broken, and their phone thrown. In a subsequent video, the reporter speaks to the police chief and states in the description that they were pepper-sprayed. The police chief states that he will open an investigation. A second reporter off-screen tells the chief that multiple journalists were assaulted. One journalist was briefly arrested and zip-tied before being released.",2
213,4499,"A group of people are protesting outside Waterbury police headquarters around 5:30PM. Police are lined up blocking the roadway; they warn protesters to clear the roadway. Police declare the assembly unlawful, apparently in response to the protesters standing in the roadway. Police again warn protesters to clear the roadway, and say that anyone in the roadway will be arrested. A woman steps out into the street, walking slowly across holding a sign. Police tell her to get out of the roadway; she continues across to the other side. Police move forward and arrest numerous protesters, several of whom do not appear to have been in the roadway to begin with. Several protesters are forced to the ground, including one who is slammed against a police car (see second link). Later in the same incident (around 6:30 in the first link), police aggressively and without apparent reason arrest another protester. An LRAD is mentioned, but apparently not deployed. Waterbury authorities say no property was damaged during the protest. Arrested protesters were not charged. (Note: this is a different incident from ct-waterbury-2 -- see street view.)",2
214,4511,"Footage shows a small group of mounted officers riding into a group of protesters gathered in the street. The officers use their horses to shove protesters aside. No protesters were trampled underhoof, but the justification for escalation is unclear.",2
215,4525,"In an incident at West and Rector Streets in Manhattan, a protester is confronted by an officer, who grabs his bike and tells him to release it. A second officer charges into frame, tackling the protester and grabbing him by the backpack. More officers join to separate the protester from his bike. The initial officer brandishes his baton and strikes either the bike or the protester. A final officer kneels on the protester.",3
216,4563,Riot police charge across the street (6th and Salmon) at protesters walking away from them. A woman at the back begins to jog away from police. Police catch up to her and an officer shoves her to the ground with his baton.,3
217,4597,"An officer on a bike pulls down a protester walking by for seemingly no reason. Takes place on Boren Avenue, by the Avanti Apartments.",2
218,4602,Police chase protester and attack him on the ground while on live TV.,2
219,4633,Cops punched me and pushed me to the ground,3
220,4642,A cop punched that woman and pushed her to the ground,3
221,4646,Cops held that guy with an arm hold for 35 minutes befor arresting him,2
222,4652,These cops need to be fired Video shows police stomping mentally ill Black man during violent arrest in Alabama gas station https://t.co/wm3oNhvQkq,3
223,4684,Footage from Cal Anderson shows police dragging a woman across the gravel. She screams. Police then chase off other protesters. The camera pans back to the woman as she is shoved against a knee high concrete barrier. Officers then grab her again and throw her to the ground to arrest her. Other officers then crowd around to inhibit filming. The protester does not appear to resist arrest at any point.,2
224,4692,"Jackson was apprehended at a small-town nightclub after heâ€™d reportedly slapped the mother of his child. He resisted arrest. People on the scene said three officers slammed him to the ground and used a baton around his neck to subdue him. The police were turned away from two jailsâ€”one was full, the other would not accept a prisoner in this conditionâ€”and Jackson died in the hospital. An autopsy named the cause as a crushed larynx.",3
225,4715,"After protesters broke a few police vehicle windows near the North Precinct, police gave a dispersal order and fired smoke and stun grenades. Police then dispersed protesters violently, striking several with batons and punching others. One protester is punched repeatedly by an officer while being arrested before a second officer tells the first to stop.",3
226,4723,"In the parking lot of a shopping center local police encountered Haithcock, acting strangely, having just shoplifted a bottle. An attempt to arrest him developed into Haithcock going for an officerâ€™s gun, then a number of police physically restraining him. A witness didnâ€™t see ""anything over excessive"" in the police behavior. Haithcock had some kind of seizure and died at the scene.",2
227,4740,"Footage shows riot police charging at a handful of protesters walking away down 2nd between Main and Madison. Several of these protesters are shoved, thrown to the ground or tackled. Police arrest a handful of these protesters.",2
228,4748,"LaMont Robinson died July 10, 2004, three months after heâ€™d slipped into a coma during an altercation with police who used a chokehold to prevent him from swallowing what they believed was crack cocaine.",2
229,4778,"A BART policeman, on a routine beat, came across Seward sleeping naked by a BART station. Seward was initially unresponsive, and was then extremely agitated. The officer claimed Seward lunged for his baton, and in response the officer shot him.",3
230,4789,"Police declare unlawful assembly at a protest outside the north police precinct. Police allege that protesters had been throwing things at them. Police begin walking protesters backwards. Protesters appear to be obeying. Police then charge at protesters, shoving several to the ground and into bushes.",2
231,4797,"In an attempt to make targeted arrests and push protesters away from the ICE facility, federal agents fired tear gas, pepper balls, and stun grenades at the crowd, striking protesters and journalists alike. This occurred after an ambulance was brought for an earlier arrestee, though their condition and the nature of their injuries is unknown.",2
232,4825,"At a protest against the forced removal of a homeless encampment in Echo Park, police attempt to move protesters away from the park. In this video, an officer is seen repeatedly shoving a protester with a baton. A reporter who attend the protest as a protester shared a picture of himself with his arm in a sling, as well as an x-ray. He states that the LAPD broke his arm with a baton.",3
233,4869,"Around 2 AM Pacfic time outside the Penumbra Kelly Building, police charged at the line of protester shields, using excessive force to detain protesters who had thrown only eggs up to that point. Police can be seen dragging protesters, throwing protesters to the ground, shoving others, and arresting several.",3
234,4880,"A police officer comes from behind a protester, lifts him over shoulder height and then slams him into the road, head first. Note: major construction was occurring on this date, causing the area to look slightly different.",3
235,4884,Footage shows police rushing at protesters near Lombard and Pacific Highway. Several protesters are tackled and shoved to the ground. The reporter filming states that at least one bike was confiscated.,2
236,4900,"Video shows bicycle cops quickly approaching a group of protesters just outside an area cordoned off with police tape, presumably because they considered one or more of them to have crossed the boundary. Without warning, the cops tackle two protesters to the ground. Someone can be heard shouting ""get your knee off their neck!"" One of the videos clearly shows an officer placing his knee on the neck of one of the individuals. This incident occurred at Broadway and Pine.",2
237,4927,"A PPB officer shoves a protester down S Bond Ave, yelling, ""Get on the sidewalk."" After the protester is on the sidewalk, the officer shoves the protester to the ground and trains his gun on the protester.",2
238,4999,Police hit an African American journalist for the WSJ in the face multiple times. He lost his glasses and injured his ankle as he was following instructions to back away and had his hands up. He had his press badge displayed. The Manhattan DA is investigating the incident.,2
239,5056,"Strain fought with police near Fifth Third Field after a Mud Hens game. He allegedly crossed police barriers before the fireworks display, cursed at an officer, and struggled with police. Officers forced him to the ground. Officers ordered a handcuffed Mr. Strain to stand, but he refused. When they pulled him to his feet, ""he kept his feet dangling."" Strain died months later of multiple medical complications of quadriplegia, including pneumonia, sepsis, and a broken neck.",2
240,5072,"Police and protesters face off in the street. Police charge without warning, tackling a protester facing the other direction. The protester is then arrested.",2
241,5077,Law enforcement push and shove a crowd of peaceful protesters with riot shields. Footage shows police have hidden badge numbers and are not wearing body cams.,3
242,5083,"Lowndes County sheriff, Ashley Paulk, confiscated a ""F\*ck Trump"" sign from a protester, citing it as ""evidence"" for a crime not stated, in itself a violation of 1st Amendment rights. The woman attempted to grab the sign back and the sheriff choked her in response, before protesters separated the two. In a later statement, the sheriff said he would continue to charge protesters carrying posters with profanity with misdemeanor disorderly conduct, in violation of Supreme Court case [Cohen v. California](https://scholar.google.com/scholar_case?case=7398433541275578772&q=cohen+v.+california&hl=en&as_sdt=3,39) which ruled a man wearing a ""Fuck the Draft"" jacket could not be convicted for disturbing the peace. In addition, a [Georgia supreme court case](https://law.justia.com/cases/georgia/supreme-court/2017/s17a1040.html) cleared a man charged with disorderly conduct for raising his middle finger in a church. The sheriff cited a Georgia law allowing misdemeanor charges for profanity in the presence of an individual under 14 years of age. In the background of the second clip, a police cruiser marked ""Valdosta"" can be seen, establishing the location.",2
243,5103,A protester is seen standing in the street near the Portland Police Association while police give a dispersal order. One officer shoves the protester to the ground. The protester is then pushed off towards the sidewalk as she refuses to move.,2
244,5112,"Shortly after midnight on August 23rd, police disperse protesters on the sidewalk. Police can be seen shoving two individuals obeying police direction. Officers then confront members of the Wall of Moms (noted by yellow shirts) sitting on the grass and shove them. This protest occurred on residential streets near Normandale Park.",2
245,5309,"Police and protesters face off at North Michigan Avenue and East Wacker Drive. Police rip umbrellas away from protesters. Police then begin shoving protesters, before striking them with batons and allegedly discharging pepper spray. Police additionally pepper sprayed protesters. An alternate angle provided by the Chicago Police Department, shows police initiating violence in the top left of the video at 0:52.",3
246,5330,"Footage shows officers repeatedly striking protesters with bicycles. The exact location is uncertain, though around 7:30 PM, the protest was at Belmont Rd and Columbia Rd, before ending around 10:30 PM at 14th St and U St.",2
247,5352,"On May 29th, an officer slams a woman on to the ground, breaking her clavicle. The incident took place near Lenox Square mall in the Buckhead area of Atlanta.",2
248,5367,"The police asked Aquil Qureshi for money. When he refused, they started beating him with pistol butts on his head. Then they held him from his legs and threw him off the terrace. #JusticeForAquilQureshi https://t.co/wOTkLXrK44",3
249,5458,"LaMont Robinson died July 10, 2004, three months after heâ€™d slipped into a coma during an altercation with police who used a chokehold to prevent him from swallowing what they believed was crack cocaine.",2
250,5489,"Police strike a protester with batons, before tackling him and arresting him. They shove other protesters with batons. Shortly after, police pin a man to the ground and kneel on him to make an arrest. A journalist identifies herself at the scene (link 3) and is credited with a first-person video (link 2) of the incident where she is shoved by police as she displays her press badge and films. Additional footage (link 4) from a journalist involved in the incident shows evidence of police shoving protesters and journalists throughout the night.",3
251,5497,"Protesters are seen locking arms and bunching up on the sidewalk. Police target several individuals for arrest, without having declared an unlawful assembly. Protesters are ripped out of the clump and thrown to the ground before being arrested.",2
252,5507,A protester is seen in a scuffle with police. It is unknown what caused this interaction. Police repeatedly push and shove the protester with no attempt to detain the individual. The incident is believed to have occurred near City Hall.,2
253,5517,"Members of the Unified Command (Multnomah County Sheriffâ€™s Office, Portland Police Bureau and Oregon State Police) pushed protesters back (on the 600 block of SW Alder St). One officer strikes a protester repeatedly with their baton. That protester was later arrested.",3
254,5568,"At the intersection of Bergen and 5th, an NYPD officer pushes a civilian down towards trash cans.",2
255,5615,"Multiple police officers tackle a cyclist on a Black Lives Matter group ride. The man is repeatedly punched in the head by an officer and as the person filming shouts at him not to resist, he shouts ""Iâ€™m not!""",2
256,5648,"At protests on the night of June 4th, multiple reporters share footage of police shoving them with batons. One reporter states she was released from arrest after showing her press badge, but says she was shoved around first.",3
257,5655,"15 minutes into a protest near the Blazers Boys and Girls Club, police violently arrest protesters en masse, tackling some protesters and deploying mace against others. Police also ripped umbrellas away from protesters, destroying them. Police had not declared an unlawful assembly, although police had allegedly issued a single warning to protesters to stay off the streets. Several journalists were shoved by police and forced to disperse, in clear violation of the recently renewed TRO exempting members of the press from dispersal orders. In a press release posted after the fact, police alleged that the protesters were blocking traffic and wearing all black, which would be difficult for motorists to see. As a result, Portland police said, they arrested protesters out of concern for their safety. Police later released charges, calling the arrests ""targeted;"" a journalist spoke with a Portland Police spokesperson who defined targeted arrests means ""those committing a crime."" 26 protesters were arrested; all were charged with interfering with a police officer and with disorderly conduct. Some others were charged with resisting arrest, attempted escape, and possession of a concealed weapon.",2
258,5678,"â€œ Bloody Friday , â€œ Glasgow 1919. Glasgow Unions Chairman , Manny Shinwell , addresses the striking crowd before a Police baton charge started the fighting in George Square. Manny Shinwell was tried and convicted of â€œ Inciting a riotâ€ and was sentenced to 5 months in gaol. https://t.co/BmFo1pLsGf",3
259,5694,"Footage shows a police line marching protesters down Yamhill between 5th and 6th. All protesters appear to be following police direction. However, some protesters move slower and are shoved by police. Police also brandish their batons while threatening protesters to move faster. Batons are used to shove protesters to the ground on multiple occasions. Towards the end of the footage, one protester is thrown to the ground and struck with a baton.",3
260,5717,Footage taken at Union Square and East 17th street shows multiple officers grabbing and shoving a protester to make an arrest. Another protester confronts an officer who strikes the protester in the legs with a baton. The baton snaps in two.,3
261,5731,"After police clear the protester shield line near Peninsula Park, protesters follow dispersal orders. Police continue to charge at protesters, shoving them with batons.",3
262,5787,"A photojournalist with the Atlanta Journal Constitution was detained by police at a protest. Another journalist spotted her zip-tied with her hands behind her back and sitting under an overpass. He then began speaking with officers, who seemed confused as to why she had been arrested. It appears that one officer handcuffed her, then walked away. Another officer notes the journalistâ€™s press pass and asks who detained her. The journalist said the arresting officer left before giving a name. She was soon released, having been detained for about 10 minutes. The incident begins around 13:30 in the Facebook video.",2
263,5788,"Guanda Denise Turner slipped into a coma and died a week after officers Joel Camrin and Steve Smock used a carotid restraint (""choke hold"") on her.",2
264,5791,A young woman was injured by a rubber bullet she took to the head.,3
265,5805,"According to police, officers responded at about 8 p.m. to a report that a man was breaking up an apartment. ""He was covered with blood when the officers arrived,"" said sheriffâ€™s Capt. Mike McCabe. Officers alleged that Custer confronted them, then went into apparent cardiac arrest as they tried to restrain him. Custer died at a hospital at about 9 p.m. Custerâ€™s family said the cause of his death was positional asphyxiation.",2
266,5838,"Footage shows 2 agents in fatigues, either DHS or U.S. Marshals, kneeling on a protester to make an arrest near 4th and Main. A journalist attempting to film is harassed and told to move faster by a third agent.",2
267,5840,"At dueling rallies in Pacific Beach between Pro-Trump supporters and Black Lives Matter counter-protesters, riot police lined up facing the BLM group. Footage taken after the beginning of a scuffle shows police with batons beating a BLM protester on the ground. Police can be heard firing pepper balls at protesters throughout the footage. The protester is then released without arrest.",3
268,5867,"In an incident outside the Hugh Carey Tunnel (West and Morris Streets in Manhattan), police are seen kneeling on a protester to arrest them. The filmer walks down the street, following the advancing police line. An NYPD official wearing a jacket bearing the word ""LEGAL,"" throws a protesterâ€™s skateboard off the road. The filmer then captures several officers pinning down a protester to arrest them. An officer stands and strikes the protester with his baton repeatedly.",3
269,5878,"Footage taken at E 136th St and Brook Ave in the Bronx shows police pointing out and attempting to apprehend protest organizer Shannon Jones. She retreats onto the sidewalk and the crowd of protesters protects her. Police then charge into the crowd. A white-shirted officer isolates Shannon, chokes, grabs, and shoves her. When another protester intervenes, the officer punches him and shoves him away. Jones is then arrested.",2
270,5888,The Police try to break up the peaceful protest by resorting to hitting individuals with batons.,3
271,5903,"Three police officers run over to and tackle man with hands raised giving an interview to local news. Location: Bailey Avenue & Decker Street, Buffalo.",2
272,5945,"Around midnight on August 15th outside the Penumbra Kelly Building, police declared a protest a riot. Protesters assembled behind wooden shields. Police charged the protesters, striking them repeatedly. One officer is seen swinging his fists at scattering protesters.",2
273,6004,"A PCA who was treating someone with a rubber bullet wound reports that officers approached the nursesâ€™ tent and opened fire with rubber bullets. On May 30th, the medical tent was staged at a Kmart on Nicolet and Lake, and is believed to have been staged there on the 31st as well.",3
274,6005,"Reporter Josie Huang was covering the shooting of 2 LASD officers and a small ensuing protest in LA when she was arrested for ""obstruction of justice;"" Huang states she was simply documenting an arrest. In addition, officers claim she was not properly identified, but footage shows a LASD-issued press pass around her neck. Huang was released early on September 13th. Footage Huang uploaded following her release shows officers shoving her and knocking her phone to the ground. Officers then step on and kick the phone while Huang can be heard stating that officers are hurting her.",2
275,6016,"Footage and reports show approximately 30 police officers in 6-7 squad cars arrive to arrest a woman in a car with her 9 year old child. Officers arrived on the scene brandishing mace, alleging that the woman assaulted two police officers several days prior. She was dragged from her car and the car was towed from her home. Officers cited a Star Wars meme depicting a Landspeeder with a caption saying, ""This machine kills facists,"" as intent to kill officers. The woman states she tried to help a friend who was being shot with rubber bullets. The woman lives somewhere in the Capitol Hill neighborhood of Seattle.",2
276,6025,"Footage from 3 tiktok videos shows numerous officers (approximately 8) arresting one protester. Protester appears to passively resist by locking his arms. He says, ""Sir, I will go with you if you stop grabbing my arms."" Other protesters can be heard asking why the man is under arrest. The protester can be heard screaming in pain as police force him into cuffs. Police then lift him by his limbs and his pants to carry him away. The third link appears to be the third in chronological order as the protesters arms are already cuffed. It is unclear why he is lying face down in the bushes at the beginning of this clip. It additionally shows the careless and physical manner of arrest used by the police.",2
277,6030,"Police seemingly single out a person that is being the most vocal, push and tackle him to the ground despite him not resisting. This occurred near the State Capitol Building at East 300 North Street and North State Street.",2
278,6041,A protester approaches cops making an arrest and is restrained by an officer while a 2nd officer punches her. The Washington Post reports police confronted protesters in the vicinity of 18th and Willard.,3
279,6043,The Huntsville Police Department is investigating an incident captured Sunday night on a Facebook Live video showing several officers struggling with a man on the ground and one Huntsville police officer stomping on the manâ€™s leg. https://t.co/ZbKKP3y8NT,3
280,6044,"Footage shows police charging at protesters in the street near the Penumbra Kelly building. The filmer, a journalist, is standing on the sidewalk with other journalists. Two officers run onto the sidewalk and shove members of the press with their batons.",2
281,6071,A protester is seen bleeding from the face. Protest medics treat them at the scene of the protest. The protester states they were shot with an impact munition by a sheriff deputy.,3
282,6086,Police treating citizens with unnecessary force,2
283,6087,police seen kicking people to the ground with unnecessary force during a march,2
284,6089,"Police make arrests at a rally
",2
285,6090,Police use batons to disband a group of protestors ,3
286,6093,Multiple cops hit him with their batons.,3
287,6101,"A man shows injuries to his head and arms, allegedly received from police. He states that he was walking home near the Portland Police Assocation when he was struck with batons and shot with rubber bullets. Protest medics administer first aid to the man.",3
288,6107,Police seen trying to disperse a group of protestors. Lots of shoving and pushing involved,2
289,6108,In Detroit they are still having police treating citizens with unnecessary force!,2
290,6109,#PoliceBrutality the neighbors would not have it! Then the cop whoâ€™s doing the pushing tells them that heâ€™s going to keep punching the guy if they donâ€™t stop throwing garbage to try to stop them from punching him Woman facepalming. #DementedReasoning,2
291,6110,Police cars revolving lightPolice violence has intensified! Here is our video of Thai Police trying to breathe after they tear gassed themselves! Now they know how #democracy protesters feel when being abused by #PoliceBrutality ,3
292,6111,The police used unnecessary violence against defenseless people. ,2
293,6112,Houston cops punching a woman in her face during arrest.,2
294,6113,"WHAT KIND OF TRAINING ARE THESE COPS GETTING?
5YRS IN NYPD, I NEVER SEEN THESE TACTICS USED. 
WITH PROPER TRAINING YOU CAN TAKE A SUSPECT DOWN BY GRABBING 1 WRIST.

A GROUP OF COPS VIOLENTLY ATTACK A PROTESTER!  IT ENDS WITH THEM ON HER NECK! ",2
295,6114,Police stomping the head of a man who was on his hands and knees causing his head to hit concrete,2
296,6115, Police lathi-charged girl students at Dhanbad collectorate where they gathered to protest ,2
297,6116,police officers  beat the protesting women with sticks,2
298,6118,Civilian beaten with batons and kicked by four Los Angeles Police Department officers.,3
299,6119,Civilian choked by a police officer following an altercation,2
300,6120,The 18-year-old student was beaten up using batons during an arrest.,3
301,6121,Five men and two women were severely beaten by members of the Police Department,2
302,6122,How could you beat him up while he was in custody?!!,2
303,6123,Cops beat youngster with batons for asking too many questions,2
304,6124,This video shows how the Thai police officers are using violence to attack an unarmed protester.,2
305,6125,Cuban police shove woman headfirst into a van as she screams.,2
306,6126,Video shows an Atlanta police officer kicking a woman in the head,2
307,6127," A 17/yr old minority, accused of vaping, put his hands up, was requested to get on the ground, went to take his bag off & they tased him.",3
308,6128,Cuban police and Communist  supporters grab a female protester by her hair. THIS is how the people are treated #soscubalibre #cubalibre #protest #freecuba #CubanLivesMatter #soscuba #Help #PoliceBrutality #evil,2
309,6129,"Cops beat up college students for asking ""too many questions""...",2
310,6130,"This is the horrifying moment a 15yr old schoolboy was punched to the ground & kicked in a violent attack by an on-duty officer.
",2
311,6131,Policeman seen beating child during todayâ€™s pro-democracy protests in #Berlin Flag of Germany  #fascism #EU  #Merkel Flag of China #PoliceBrutality #ViolencesPoliciÃ¨res #carehomes #careworkers #VaccinePassports #VaccinObligatoire #COVID1984,2
312,6132,"Additional footage of the police assault on the owner of the Hoxton Docks who came to complain about the raid. He was arrested for ""attempted assault"" and ""dangerous driving"" [correction on last post]. And was not released till 5am the next morning! #PoliceBrutality #killthebill
",2
313,6133,Footage of NBA player getting arrested. His friend also gets arrested for filming.,2
314,6134,#SriLankan #Police arresting two old ladies at the Parliament Junction during the anti-education-militarization #protest today. They were manhandled & actually carried into the bus by several police officers.,2
315,6135,"The NYPD brutalized members of the community this is unexceptional and we must demand accountability 
",2
316,6136,Police manhandle university professor during his arrest...,2
317,6137,Police showed up and put this guy in a headlock,2
318,6138,Guy was getting agressive and police hit him with baton,3
